post_id,score_1,score_2,score_3,average_score
1bzwql2,0.8,0.8,0.8,0.8000000000000002
1chkrbm,0.8,0.8,0.8,0.8000000000000002
1gsyipo,0.8,0.8,0.8,0.8000000000000002
1cij7ne,0.8,0.8,0.8,0.8000000000000002
1ghdkaf,0.8,0.8,0.8,0.8000000000000002
1909yjx,0.4,0.2,0.2,0.26666666666666666
1e9mw7j,0.4,0.2,0.2,0.26666666666666666
1fe1csz,0.48,0.2,0.2,0.2933333333333333
1eabaei,0.4,0.4,0.2,0.3333333333333333
1ead0ab,0.2,0.4,0.4,0.3333333333333333